<Ui xmlns="http://www.blizzard.com/wow/ui/" xmlns:xsi="http://www.w3.org/2001/XMLSchema-instance" xsi:schemaLocation="http://www.blizzard.com/wow/ui/
..\FrameXML\UI.xsd">
    <Script file="AltVaultProfessions.lua"/>
    <Frame name="AltProfessionsPageTemplate" inherits="AltJournalPageTemplate" virtual="true">
        <Layers>
            <Layer level="BACKGROUND">
                <Texture file="Interface\Garrison\GarrisonLandingPageMiddleTile" vertTile="true" horizTile="true">
                    <Anchors>
                        <Anchor point="TOPLEFT" x="20" y="-20" />
                        <Anchor point="BOTTOMRIGHT" x="-20" y="20" />
                    </Anchors>
                </Texture>
            </Layer>
            <Layer level="ARTWORK">
                <Texture file="Interface\ARCHEOLOGY\Arch-Race-MiscBIG" >
                    <Size x="150" y="230" />
                    <Anchors>
                        <Anchor point="BOTTOMRIGHT" x="-30" y="-10" />
                    </Anchors>
                    <Color r="0.4" g="0.3" b="0.2" a="0.5" />
                    <TexCoords top="0" bottom="0.7" left="0" right="0.9" />
                </Texture>
            </Layer>
            <Layer level="BORDER" textureSubLevel="2">
                <Texture parentKey="TopLeftCorner" atlas="GarrLanding-upperleft" useAtlasSize="true">
					<Anchors>
						<Anchor point="TOPLEFT"/>
					</Anchors>
				</Texture>
                <Texture parentKey="BottomLeftCorner" atlas="GarrLanding-lowerleft" useAtlasSize="true">
					<Anchors>
						<Anchor point="BOTTOMLEFT"/>
					</Anchors>
				</Texture>
				<Texture parentKey="BottomRightCorner" atlas="GarrLanding-lowerright" useAtlasSize="true">
					<Anchors>
						<Anchor point="BOTTOMRIGHT"/>
					</Anchors>
				</Texture>
				<Texture parentKey="TopRightCorner" atlas="GarrLanding-upperright" useAtlasSize="true">
					<Anchors>
						<Anchor point="TOPRIGHT" x="-1"/>
					</Anchors>
				</Texture>
            </Layer>
            <Layer level="BORDER" textureSubLevel="1">
                <Texture parentKey="LeftCover" atlas="GarLanding-Left" useAtlasSize="true">
					<Anchors>
						<Anchor point="LEFT" x="2"/>
					</Anchors>
				</Texture>
                <Texture parentKey="TopCover" atlas="GarrLanding-Top">
                    <Size x="200" y="90"/>
					<Anchors>
						<Anchor point="TOP" y="-1"/>
					</Anchors>
				</Texture>
                <Texture parentKey="RightCover" atlas="GarLanding-Right" useAtlasSize="true">
					<Anchors>
						<Anchor point="RIGHT" x="-1"/>
					</Anchors>
				</Texture>
                <Texture parentKey="BottomCover" atlas="GarLanding-Bottom">
                    <Size x="200" y="90"/>
					<Anchors>
						<Anchor point="BOTTOMRIGHT" x="-40" y="-1"/>
					</Anchors>
				</Texture>
            </Layer>
            <Layer level="ARTWORK">
                
            </Layer>
        </Layers>
        <Frames>
            <Frame name="AltVaultProfessionsFrame" setAllPoints="true">
                <Frames>
                    <Frame name="AltProfessionsPrimary">
                        <Size x="350" y="250" />
                        <Anchors>
                            <Anchor point="TOP" y="-35" />
                        </Anchors>
                        <Layers>
                            <Layer level="BACKGROUND">
                                <Texture file="Interface\AdventureMap\AdventureMapParchmentTile" setAllPoints="true" horizTile="true" vertTile="true" />
                            </Layer>
                            <Layer level="BORDER" textureSubLevel="2">
                                <Texture name="PrimaryCornerTL" file="Interface\Transmogrify\Textures.png">
                                    <Size x="40" y="40"/>
                                    <Anchors>
                                        <Anchor point="TOPLEFT" x="-6" y="6"/>
                                    </Anchors>
                                    <Color r="0.7" g="0.6" b="0.2" a="1" />
                                    <TexCoords left="0.00781250" right="0.50781250" top="0.00195313" bottom="0.12695313"/>
                                </Texture>
                                <Texture name="PrimaryCornerTR" file="Interface\Transmogrify\Textures.png">
                                    <Size x="40" y="40"/>
                                    <Anchors>
                                        <Anchor point="TOPRIGHT" x="6" y="6"/>
                                    </Anchors>
                                    <Color r="0.7" g="0.6" b="0.2" a="1" />
                                    <TexCoords left="0.00781250" right="0.50781250" top="0.38476563" bottom="0.50781250"/>
                                </Texture>
                                <Texture name="PrimaryCornerBL" file="Interface\Transmogrify\Textures.png">
                                    <Size x="40" y="40"/>
                                    <Anchors>
                                        <Anchor point="BOTTOMLEFT" x="-6" y="-6"/>
                                    </Anchors>
                                    <Color r="0.7" g="0.6" b="0.2" a="1" />
                                    <TexCoords left="0.00781250" right="0.50781250" top="0.25781250" bottom="0.38085938"/>	
                                </Texture>
                                <Texture name="PrimaryCornerBR" file="Interface\Transmogrify\Textures.png">
                                    <Size x="40" y="40"/>
                                    <Anchors>
                                        <Anchor point="BOTTOMRIGHT" x="6" y="-6"/>
                                    </Anchors>
                                    <Color r="0.7" g="0.6" b="0.2" a="1" />
                                    <TexCoords left="0.00781250" right="0.50781250" top="0.13085938" bottom="0.25390625"/>
                                </Texture>
                            </Layer>
                            <Layer level="BORDER" textureSubLevel="1">
                                <Texture name="PrimaryLeftEdge" file="Interface\GLUES\AccountUpgrade\golden-v" desaturated="true" vertTile="true">
                                    <Size x="20" y="200" />
                                    <Anchors>
                                        <Anchor point="LEFT" x="-8"/>
                                    </Anchors>
                                    <Color r="0.7" g="0.5" b="0.2" a="1" />
                                </Texture>
                                <Texture name="PrimaryRightEdge" file="Interface\GLUES\AccountUpgrade\golden-v" desaturated="true" vertTile="true">
                                    <Size x="20" y="200" />
                                    <Anchors>
                                        <Anchor point="RIGHT" x="10"/>
                                    </Anchors>
                                    <Color r="0.7" g="0.5" b="0.2" a="1" />
                                </Texture>
                                <Texture name="PrimaryTopEdge" file="Interface\GLUES\AccountUpgrade\golden-h" desaturated="true" horizTile="true">
                                    <Size x="350" y="20" />
                                    <Anchors>
                                        <Anchor point="TOP" y="10"/>
                                    </Anchors>
                                    <Color r="0.7" g="0.5" b="0.2" a="1" />
                                    <TexCoords top="1" bottom="0" />
                                </Texture>
                                <Texture name="PrimaryBottomEdge" file="Interface\GLUES\AccountUpgrade\golden-h" desaturated="true" horizTile="true">
                                    <Size x="350" y="20" />
                                    <Anchors>
                                        <Anchor point="BOTTOM" y="-10"/>
                                    </Anchors>
                                    <Color r="0.7" g="0.5" b="0.2" a="1" />
                                </Texture>
                                <Texture name="CenterDivider" atlas="_GarrMission_RewardsBorder-Top-Desaturate" horizTile="true">
                                    <Anchors>
                                        <Anchor point="CENTER"/>
                                    </Anchors>
                                    <Size x="360" y="10" />
                                    <Color r="0.7" g="0.5" b="0.2" a="1" />
                                </Texture>
                            </Layer>
                            <Layer level="ARTWORK">
                                <Texture atlas="GarrMission_RewardsBanner-Desaturate" useAtlasSize="true">
                                    <Anchors>
                                        <Anchor point="TOP" y="30" />
                                    </Anchors>
                                </Texture>
                                <FontString inherits="QuestFont_Huge" text="Professions">
                                    <Anchors>
                                        <Anchor point="TOP" y="10" />
                                    </Anchors>
                                    <Color r="0" g="0" b="0" />
                                </FontString>
                            </Layer>
                        </Layers>
                        <Frames>
                            <Frame name="$parentProf1" inherits="AltProfessionPrimary">
                            </Frame>
                            <Frame name="$parentProf2" inherits="AltProfessionPrimary">
                                <Anchors>
                                    <Anchor point="TOPLEFT" relativeTo="$parent" relativePoint="LEFT" x="10" />
                                    <Anchor point="BOTTOMRIGHT" relativeTo="$parent" relativePoint="BOTTOMRIGHT" x="-10" y="10" />
                                </Anchors>
                            </Frame>
                        </Frames>
                    </Frame>
                    <Frame name="AltProfessionsSecondary">
                        <Frames>
                            <Frame name="$parentCook" inherits="AltProfessionSecondary">
                                <Anchors>
                                    <Anchor point="TOPLEFT" relativeTo="AltProfessionsPrimary" relativePoint="BOTTOMLEFT" x="15" y="-15" />
                                </Anchors>
                            </Frame>
                            <Frame name="$parentFish" inherits="AltProfessionSecondary">
                                <Anchors>
                                    <Anchor point="TOPLEFT" relativeTo="$parentCook" relativePoint="BOTTOMLEFT" />
                                </Anchors>
                            </Frame>
                            <Frame name="$parentArch" inherits="AltProfessionSecondary">
                                <Anchors>
                                    <Anchor point="TOPLEFT" relativeTo="$parentFish" relativePoint="BOTTOMLEFT" />
                                </Anchors>
                            </Frame>
                        </Frames>
                    </Frame>
                </Frames>
                <Scripts>
                    <OnShow function="AltVaultProfessionsFrame_OnShow" />
                </Scripts>
            </Frame>
        </Frames>
	</Frame>
</Ui>