<Ui xmlns="http://www.blizzard.com/wow/ui/" xmlns:xsi="http://www.w3.org/2001/XMLSchema-instance" xsi:schemaLocation="http://www.blizzard.com/wow/ui/
..\FrameXML\UI.xsd">
    <Script file="AltVaultCharacter.lua"/>
    <Frame name="AltInfoPageTemplate" inherits="AltJournalPageTemplate" virtual="true">
        <Frames>
            <Frame name="AltVaultInfo" parentKey="AltVaultInfo">
                <Anchors>
                    <Anchor point="TOPLEFT" x="4" y="-4" />
                    <Anchor point="BOTTOMRIGHT" x="-4" y="320" />
                </Anchors>
                <Layers>
                    <Layer level="BACKGROUND" textureSubLevel="1">
                        <Texture setAllPoints="true" atlas="adventureguide-pane-small" />
                    </Layer>
                    <Layer level="BACKGROUND" textureSubLevel="2">
                        <Texture parentKey="AltClassEmblem" desaturated="true">
                            <Size x="150" y="150" />
                            <Anchors>
                                <Anchor point="CENTER"/>
                            </Anchors>
                        </Texture>
                    </Layer>
                    <Layer level="ARTWORK" textureSubLevel="2">
                        <FontString inherits="GameFontNormalHuge" name="AltInfoName" parentKey="AltInfoName" />
                        <FontString inherits="GameFontHighlight" name="AltInfoTitle" parentKey="AltInfoTitle" />
                    </Layer>
                </Layers>
                <Frames>
                    <Button name="AltDeleteFrame" hidden="true">
                        <Size x="20" y="20" />
                        <Anchors>
                            <Anchor point="TOPRIGHT" x="-10" y="-10" />
                        </Anchors>
                        <Layers>
                            <Layer level="ARTWORK">
                                <Texture parentKey="deleteBtn" file="Interface\GLUES\LOADINGSCREENS\DynamicElements">
                                    <TexCoords top="0.0" bottom="0.5" left="0" right="0.5" />
                                </Texture>
                            </Layer>
                        </Layers>
                        <Scripts>
                            <OnEnter function="AltDeleteFrame_OnEnter" />
                            <OnLeave function="AltVaultTooltip_Reset" />
                            <OnClick function="AltDelete_OnClick" />
                        </Scripts>
                    </Button>
                    <Frame name="AltRaceIconFrame" parentKey="raceIconFrame">
                        <Size x="101" y="101"/>
                        <Anchors>
                            <Anchor point="TOPLEFT" x="25" y="-45"/>
                        </Anchors>
                        <Layers>
                            <Layer level="BACKGROUND">
                                <Texture name="$parentRaceIcon" parentKey="altRaceIcon">
                                    <Size x="75" y="75" />
                                    <Anchors>
                                        <Anchor point="CENTER" />
                                    </Anchors>
                                </Texture>
                            </Layer>
                            <Layer level="ARTWORK">
                                <Texture name="$parentLeftRing" atlas="Talent-RingWithDot" parentKey="altRaceRing" />
                            </Layer>
                        </Layers>
                        <Scripts>
                            <OnEnter function="AltRaceIconFrame_OnEnter" />
                            <OnLeave function="AltVaultTooltip_Reset" />
                        </Scripts>
                    </Frame>
                    <Frame name="AltXPBarFrame" parentKey="xpFrame">
                        <Size x="267" y="38"/>
                        <Anchors>
                            <Anchor point="BOTTOMLEFT" x="15" y="15"/>
                        </Anchors>
                        <Layers>
                            <Layer level="BACKGROUND" textureSubLevel="1">
                                <Texture parentKey="altXPProgressBar">
                                    <Size x="230" y="14" />
                                    <Anchors>
                                        <Anchor point="BOTTOMLEFT" x="31" y="6"/>
                                    </Anchors>
                                    <Color r="0.1" g="0.3" b="0.75" a="1" />
                                </Texture>
                            </Layer>
                            <Layer level="BACKGROUND" textureSubLevel="2">
                                <Texture file="Interface\Common\friendship-parts">
                                    <TexCoords left="0.01367188" right="0.53515625" top="0.01562500" bottom="0.60937500"/>
                                </Texture>
                            </Layer>
                            <Layer level="ARTWORK">
                                <FontString inherits="GameFontNormal" parentKey="altXPLevel" justifyH="CENTER">
                                    <Size x="30" y="30" />
                                    <Anchors>
                                        <Anchor point="LEFT" x="4"/>
                                    </Anchors>
                                </FontString>
                                <FontString inherits="GameFontWhiteTiny" text="100%" parentKey="altXPPercent">
                                    <Anchors>
                                        <Anchor point="CENTER" y="-6"/>
                                    </Anchors>
                                </FontString>
                            </Layer>
                        </Layers>
                        <Scripts>
                            <OnEnter function="AltXPBarFrame_OnEnter" />
                            <OnLeave function="AltVaultTooltip_Reset" />
                        </Scripts>
                    </Frame>
                    <Frame name="AltSpecIconFrame" parentKey="specIconFrame">
                        <Size x="101" y="101"/>
                        <Anchors>
                            <Anchor point="TOPRIGHT" x="-25" y="-45"/>
                        </Anchors>
                        <Layers>
                            <Layer level="BACKGROUND">
                                <Texture name="$parentSpecIcon" parentKey="altSpecIcon">
                                    <Size x="75" y="75" />
                                    <Anchors>
                                        <Anchor point="CENTER" />
                                    </Anchors>
                                </Texture>
                            </Layer>
                            <Layer level="ARTWORK">
                                <Texture name="$parentRightRing" atlas="Talent-RingWithDot" parentKey="altSpecRing" />
                            </Layer>
                        </Layers>
                        <Frames>
                            <Frame name="AltRoleIconFrame" parentKey="roleIconFrame">
                                <Size x="36" y="36"/>
                                <Anchors>
                                    <Anchor point="BOTTOM" y="2"/>
                                </Anchors>
                                <Layers>
                                    <Layer level="BACKGROUND">
                                        <Texture parentKey="roleIcon" file="Interface\LFGFrame\UI-LFG-ICON-ROLES"/>
                                    </Layer>
                                </Layers>
                            </Frame>
                        </Frames>
                        <Scripts>
                            <OnEnter function="AltSpecIconFrame_OnEnter" />
                            <OnLeave function="AltVaultTooltip_Reset" />
                        </Scripts>
                    </Frame>
                    <Frame name="AltItemLevelFrame" parentKey="itemLevelFrame">
                        <Size x="150" y="60" />
                        <Anchors>
                            <Anchor point="BOTTOMRIGHT" y="-13" />
                        </Anchors>
                        <Layers>
                            <Layer level="BACKGROUND">
                                <Texture file="Interface\PetBattles\PetBattleHud">
                                    <Size x="155" y="65"/>	
                                    <TexCoords left="0.39843750" right="0.54980469" top="0.42968750" bottom="0.30273438"/>	
                                </Texture>
                            </Layer>
                            <Layer level="ARTWORK">
                                <FontString inherits="GameFontWhiteTiny" text="ILVL" parentKey="AltItemLevelTitle">
                                    <Anchors>
                                        <Anchor point="CENTER"/>
                                    </Anchors>
                                </FontString>
                                <FontString inherits="GameFontNormalHuge" parentKey="AltItemLevel">
                                    <Anchors>
                                        <Anchor point="CENTER" y="-15"/>
                                    </Anchors>
                                </FontString>
                            </Layer>
                        </Layers>
                    </Frame>
                </Frames>
                <Scripts>
                    <OnShow function="AltVaultInfo_OnShow" />
                </Scripts>
            </Frame>
            <Frame name="AltVaultItemsFrame">
                <Anchors>
                    <Anchor point="TOP" relativeTo="AltVaultInfo" relativePoint="BOTTOM" />
                    <Anchor point="BOTTOMRIGHT" relativeTo="AltVaultInfo" relativePoint="BOTTOMRIGHT" y="-108" />
                </Anchors>
                <Layers>
                    <Layer level="BACKGROUND" textureSubLevel="1">
                        <Texture name="AltItemsBG"  file="Interface\PetBattles\_PetBattleHorizTile" horizTile="true" >
                            <Anchors>
                                <Anchor point="TOPLEFT" y="20" />
                                <Anchor point="BOTTOMRIGHT" />
                            </Anchors>
                            <TexCoords left="0.00000000" right="1.00000000" top="0.00390625" bottom="0.48828125"/>
                        </Texture>
                    </Layer>
                    <Layer level="BACKGROUND" textureSubLevel="2">
                        <Texture name="AltItemsDivider" file="Interface\PetBattles\PetBattleHud" >
                            <Size x="27" y="81"/>	
                            <TexCoords left="0.97167969" right="0.99804688" top="0.03906250" bottom="0.19726563"/>	
                            <Anchors>
                                <Anchor point="TOPRIGHT" x="-38" y="-20"/>
                            </Anchors>
                        </Texture>
                    </Layer>
                </Layers>
                <Frames>
                    <ItemButton name="AltHeadSlot" inherits="AltItemSlotButtonTemplate">
                        <Anchors>
                            <Anchor point="TOPLEFT" relativeKey="$parent" x="10" y="-22"/>
                        </Anchors>
                    </ItemButton>
                    <ItemButton name="AltNeckSlot" inherits="AltItemSlotButtonTemplate">
                        <Anchors>
                            <Anchor point="LEFT" relativeTo="AltHeadSlot" relativePoint="RIGHT"  x="6" y="0"/>
                        </Anchors>
                    </ItemButton>
                    <ItemButton name="AltShoulderSlot" inherits="AltItemSlotButtonTemplate">
                        <Anchors>
                            <Anchor point="LEFT" relativeTo="AltNeckSlot" relativePoint="RIGHT" x="6" y="0"/>
                        </Anchors>
                    </ItemButton>
                    <ItemButton name="AltBackSlot" inherits="AltItemSlotButtonTemplate">
                        <Anchors>
                            <Anchor point="LEFT" relativeTo="AltShoulderSlot" relativePoint="RIGHT" x="6" y="0"/>
                        </Anchors>
                    </ItemButton>
                    <ItemButton name="AltChestSlot" inherits="AltItemSlotButtonTemplate">
                        <Anchors>
                            <Anchor point="LEFT" relativeTo="AltBackSlot" relativePoint="RIGHT" x="6" y="0"/>
                        </Anchors>
                    </ItemButton>
                    <ItemButton name="AltShirtSlot" inherits="AltItemSlotButtonTemplate">
                        <Anchors>
                            <Anchor point="LEFT" relativeTo="AltChestSlot" relativePoint="RIGHT" x="6" y="0"/>
                        </Anchors>
                    </ItemButton>
                    <ItemButton name="AltTabardSlot" inherits="AltItemSlotButtonTemplate">
                        <Anchors>
                            <Anchor point="LEFT" relativeTo="AltShirtSlot" relativePoint="RIGHT" x="6" y="0"/>
                        </Anchors>
                    </ItemButton>
                    <ItemButton name="AltWristSlot" inherits="AltItemSlotButtonTemplate">
                        <Anchors>
                            <Anchor point="LEFT" relativeTo="AltTabardSlot" relativePoint="RIGHT" x="6" y="0"/>
                        </Anchors>
                    </ItemButton>
                    <ItemButton name="AltMainHandSlot" inherits="AltItemSlotButtonTemplate">
                        <Anchors>
                            <Anchor point="LEFT" relativeTo="AltWristSlot" relativePoint="RIGHT" x="12" y="0"/>
                        </Anchors>
                    </ItemButton>
                    <ItemButton name="AltHandsSlot" inherits="AltItemSlotButtonTemplate">
                        <Anchors>
                            <Anchor point="TOPLEFT" relativeKey="$parent" x="10" y="-65"/>
                        </Anchors>
                    </ItemButton>
                    <ItemButton name="AltWaistSlot" inherits="AltItemSlotButtonTemplate">
                        <Anchors>
                            <Anchor point="LEFT" relativeTo="AltHandsSlot" relativePoint="RIGHT" x="6" y="0"/>
                        </Anchors>
                    </ItemButton>
                    <ItemButton name="AltLegsSlot" inherits="AltItemSlotButtonTemplate">
                        <Anchors>
                            <Anchor point="LEFT" relativeTo="AltWaistSlot" relativePoint="RIGHT" x="6" y="0"/>
                        </Anchors>
                    </ItemButton>
                    <ItemButton name="AltFeetSlot" inherits="AltItemSlotButtonTemplate">
                        <Anchors>
                            <Anchor point="LEFT" relativeTo="AltLegsSlot" relativePoint="RIGHT" x="6" y="0"/>
                        </Anchors>
                    </ItemButton>
                    <ItemButton name="AltFinger0Slot" inherits="AltItemSlotButtonTemplate">
                        <Anchors>
                            <Anchor point="LEFT" relativeTo="AltFeetSlot" relativePoint="RIGHT" x="6" y="0"/>
                        </Anchors>
                    </ItemButton>
                    <ItemButton name="AltFinger1Slot" inherits="AltItemSlotButtonTemplate">
                        <Anchors>
                            <Anchor point="LEFT" relativeTo="AltFinger0Slot" relativePoint="RIGHT" x="6" y="0"/>
                        </Anchors>
                    </ItemButton>
                    <ItemButton name="AltTrinket0Slot" inherits="AltItemSlotButtonTemplate">
                        <Anchors>
                            <Anchor point="LEFT" relativeTo="AltFinger1Slot" relativePoint="RIGHT" x="6" y="0"/>
                        </Anchors>
                    </ItemButton>
                    <ItemButton name="AltTrinket1Slot" inherits="AltItemSlotButtonTemplate">
                        <Anchors>
                            <Anchor point="LEFT" relativeTo="AltTrinket0Slot" relativePoint="RIGHT" x="6" y="0"/>
                        </Anchors>
                    </ItemButton>
                    <ItemButton name="AltSecondaryHandSlot" inherits="AltItemSlotButtonTemplate">
                        <Anchors>
                            <Anchor point="LEFT" relativeTo="AltTrinket1Slot" relativePoint="RIGHT" x="12" y="0"/>
                        </Anchors>
                    </ItemButton>
                </Frames>
            </Frame>
            <Frame name="AltVaultStatsFrame">
                <Anchors>
                    <Anchor point="TOP" relativeTo="AltVaultItemsFrame" relativePoint="BOTTOM" />
                    <Anchor point="BOTTOMRIGHT" x="-4" y="4" />
                </Anchors>
                <Layers>
                    <Layer level="BACKGROUND" textureSubLevel="1">
                        <!-- <Texture setAllPoints="true" file="Interface\BlackMarket\BlackMarketBackground-Tile" />  -->
                        <Texture setAllPoints="true" file="Interface\BankFrame\Bank-Background" desaturated="true">
                            <Size x="400" y="200" />
                            <TexCoords left="0" right="1" top="0" bottom="0.7" />
                        </Texture>
                    </Layer>
                    <Layer level="BACKGROUND" textureSubLevel="3">
                        <Texture parentKey="AltStatsFactionLogo">
                            <Size x="220" y="220" />
                            <Anchors>
                                <Anchor point="CENTER" />
                            </Anchors>
                        </Texture>
                    </Layer>
                    <Layer level="BACKGROUND" textureSubLevel="2">
                        <Texture setAllPoints="true" file="Interface\BlackMarket\BlackMarketBackground-BottomShadow">
                            <Color r="1" g="1" b="1" a="0.9" />
                        </Texture>
                        <Texture parentKey="AltPlayedBG" desaturated="true" file="Interface\AchievementFrame\UI-Achievement-Stat-Buttons">
                            <Size x="150" y="20" />
                            <Anchors>
                                <Anchor point="TOPLEFT" y="-11" x="5" />
                            </Anchors>
                            <TexCoords left="0" right="1" top="0.1796875" bottom="0"/>
                        </Texture>
                    </Layer>
                    <Layer level="BORDER" textureSubLevel="1">
                        <Texture file="Interface\BlackMarket\_WoodFrame-TileHorizontal">
                            <Size x="406" y="14" />
                            <TexCoords left="0.00000000" right="1.00000000" top="0.01562500" bottom="0.45312500"/>
                            <Anchors>
                                <Anchor point="TOPLEFT" />
                            </Anchors>
                        </Texture>
                        <Texture file="Interface\BlackMarket\_WoodFrame-TileHorizontal">
                            <Size x="406" y="14" />
                            <TexCoords left="0.00000000" right="1.00000000" top="0.48437500" bottom="0.92187500"/>
                            <Anchors>
                                <Anchor point="BOTTOMLEFT" />
                            </Anchors>
                        </Texture>
                        <Texture file="Interface\BlackMarket\!WoodFrame-TileVertical">
                            <Size x="14" y="200" />
                            <TexCoords left="0.01562500" right="0.45312500" top="0.00000000" bottom="1.00000000"/>
                            <Anchors>
                                <Anchor point="TOPLEFT" />
                            </Anchors>
                        </Texture>
                        <Texture file="Interface\BlackMarket\!WoodFrame-TileVertical">
                            <Size x="14" y="200" />
                            <TexCoords left="0.48437500" right="0.92187500" top="0.00000000" bottom="1.00000000"/>	
                            <Anchors>
                                <Anchor point="TOPRIGHT" />
                            </Anchors>
                        </Texture>
                    </Layer>
                    <Layer level="BORDER" textureSubLevel="2">
                        <Texture file="Interface\BlackMarket\WoodFrameCorner-TopLeft">
                            <Size x="45" y="45" />
                            <Anchors>
                                <Anchor point="TOPLEFT" />
                            </Anchors>
                        </Texture>
                        <Texture file="Interface\BlackMarket\WoodFrameCorner-BotRight">
                            <Size x="60" y="60" />
                            <Anchors>
                                <Anchor point="BOTTOMRIGHT"/>
                            </Anchors>
                        </Texture>
                        <Texture file="Interface\BlackMarket\WoodFrameCorner-TopRight">
                            <Size x="60" y="60" />
                            <Anchors>
                                <Anchor point="TOPRIGHT" />
                            </Anchors>
                        </Texture>
                        <Texture file="Interface\BlackMarket\WoodFrameCorner-BotLeft">
                            <Size x="45" y="45" />
                            <Anchors>
                                <Anchor point="BOTTOMLEFT"/>
                            </Anchors>
                        </Texture>
                    </Layer>
                    <Layer level="ARTWORK">
                        <FontString inherits="GameFontHighlight" parentKey="AltGuildRank">
                            <Anchors>
                                <Anchor point="BOTTOMLEFT" y="40" x="20" />
                            </Anchors>
                        </FontString>
                        <FontString inherits="GameFontNormalMed3" parentKey="AltGuildName">
                            <Anchors>
                                <Anchor point="BOTTOMLEFT" y="20" x="20" />
                            </Anchors>
                        </FontString>
                        <FontString inherits="GameFontNormal" parentKey="AltPlayedTime">
                            <Anchors>
                                <Anchor point="TOPLEFT" y="-13" x="23" />
                            </Anchors>
                        </FontString>
                    </Layer>
                    <Layer level="ARTWORK">
                        <FontString inherits="GameFontNormalMed3" parentKey="AltPvPTitle">
                            <Anchors>
                                <Anchor point="CENTER" y="65" x="120" />
                            </Anchors>
                        </FontString>
                        <FontString inherits="GameFontHighlight" parentKey="AltPVPHKTitle" text="Honorable Kills">
                            <Anchors>
                                <Anchor point="CENTER" y="-40" x="120" />
                            </Anchors>
                        </FontString>
                        <FontString inherits="GameFontNormalHuge" parentKey="AltPVPHKCount">
                            <Anchors>
                                <Anchor point="CENTER" y="-60" x="120" />
                            </Anchors>
                        </FontString>
                    </Layer>
                </Layers>
                <Frames>
                    <Frame name="AltPvPTierIconFrame" parentKey="AltPvPTierIcon">
                        <Size x="80" y="80" />
                        <Anchors>
                            <Anchor point="CENTER" y="10" x="120" />
                        </Anchors>
                        <Layers>
                            <Layer level="ARTWORK">
                                <Texture parentKey="icon" />
                            </Layer>
                        </Layers>
                        <Scripts>
                            <OnEnter function="AltPvPTierIconFrame_OnEnter" />
                            <OnLeave function="AltVaultTooltip_Reset" />
                        </Scripts>
                    </Frame>
                    <Frame name="$parentAltTabard" inherits="AltGuildTabardTemplate" parentKey="AltTabard">
                        <Anchors>
                            <Anchor point="TOPLEFT" x="20" y="-31"/>
                        </Anchors>
                    </Frame>
                </Frames>
                <Scripts>
                    <OnShow function="AltVaultStats_OnShow" />
                </Scripts>
            </Frame>
        </Frames>
    </Frame>
</Ui>