<Ui xmlns="http://www.blizzard.com/wow/ui/" xmlns:xsi="http://www.w3.org/2001/XMLSchema-instance" xsi:schemaLocation="http://www.blizzard.com/wow/ui/
..\FrameXML\UI.xsd">
    <Script file="AltVaultBags.lua"/>
    <Frame name="AltBagsPageTemplate" inherits="AltJournalPageTemplate" virtual="true">
        <Frames>
            <Frame name="AltVaultBagsFrame" setAllPoints="true">
                <Frames>
                    <ScrollFrame name="AltBagsScrollFrame" inherits="UIPanelScrollFrameTemplate">
                        <Anchors>
                            <Anchor point="TOPLEFT">
                                <Offset x="5" y="-6"/>
                            </Anchor>
                            <Anchor point="BOTTOMRIGHT">
                                <Offset x="-28" y="4"/>
                            </Anchor>
                        </Anchors>
                        <Scripts>
                            <OnMouseWheel function="AltBagScroll_OnScroll"/>
                        </Scripts>
                        <Frames>
                            <Frame name="$parentScrollChild" />
                        </Frames>
                    </ScrollFrame>
                </Frames>
                <Scripts>
                    <OnLoad function="AltVaultBagsFrame_OnLoad" />
                    <OnShow function="AltVaultBagsFrame_OnShow" />
                </Scripts>
            </Frame>
        </Frames>
	</Frame>
</Ui>