<Ui xmlns="http://www.blizzard.com/wow/ui/" xmlns:xsi="http://www.w3.org/2001/XMLSchema-instance" xsi:schemaLocation="http://www.blizzard.com/wow/ui/
..\FrameXML\UI.xsd">
    <Script file="AltVaultBank.lua"/>
    <Frame name="AltBankPageTemplate" inherits="AltJournalPageTemplate" virtual="true">
        <Frames>
            <Frame name="AltVaultBankFrame" setAllPoints="true">
                <Frames>
                    <ScrollFrame name="AltBankScrollFrame" inherits="UIPanelScrollFrameTemplate">
                        <Anchors>
                            <Anchor point="TOPLEFT">
                                <Offset x="5" y="-6"/>
                            </Anchor>
                            <Anchor point="BOTTOMRIGHT">
                                <Offset x="-28" y="4"/>
                            </Anchor>
                        </Anchors>
                        <Scripts>
                            <OnMouseWheel function="AltBankScroll_OnScroll"/>
                        </Scripts>
                        <Frames>
                            <Frame name="$parentScrollChild" />
                        </Frames>
                    </ScrollFrame>
                    <Frame name="AltBankNotAvailable" setAllPoints="true">
                        <Layers>
                            <Layer level="ARTWORK">
                                <Texture file="Interface\DialogFrame\UI-Dialog-Icon-AlertNew">
                                    <Anchors>
                                        <Anchor point="CENTER" y="50" />
                                    </Anchors>
                                </Texture>
                                <FontString inherits="QuestFont_Enormous" text="Unavailable">
                                    <Anchors>
                                        <Anchor point="CENTER"/>
                                    </Anchors>
                                </FontString>
                                <FontString inherits="GameFontHighlightMedium" text="Visit the character's bank to unlock">
                                    <Anchors>
                                        <Anchor point="CENTER" y="-30"/>
                                    </Anchors>
                                </FontString>
                            </Layer>
                        </Layers>
                    </Frame>
                </Frames>
                <Scripts>
                    <OnLoad function="AltVaultBankFrame_OnLoad" />
                    <OnShow function="AltVaultBankFrame_OnShow" />
                </Scripts>
            </Frame>
        </Frames>
	</Frame>
</Ui>