<Ui xmlns="http://www.blizzard.com/wow/ui/" xmlns:xsi="http://www.w3.org/2001/XMLSchema-instance" xsi:schemaLocation="http://www.blizzard.com/wow/ui/
..\FrameXML\UI.xsd">
	<ItemButton name="AltItemSlotButtonTemplate" virtual="true">
        <Scripts>
            <OnShow>
				AltItemSlotButton_OnShow(self);
			</OnShow>
			<OnEnter>
				AltItemSlotButton_OnEnter(self, motion);
			</OnEnter>
            <OnLeave>
				AltVaultTooltip_Reset(self)
			</OnLeave>
			<OnClick>
				if ( IsModifiedClick() ) then
					AltItemSlotButton_OnModifiedClick(self, button);
				end
			</OnClick>
        </Scripts>
    </ItemButton>
	<ItemButton name="AltVaultBagItemTemplate" inherits="AltItemSlotButtonTemplate" virtual="true">
        <Size x="40" y="40" />
        <Anchors>
            <Anchor point="TOPLEFT" x="18" y="-59" />
        </Anchors>
        <Scripts>
            <OnShow>return false</OnShow>
			<OnEnter>
				AltVaultBagSlotButton_OnEnter(self, motion);
			</OnEnter>
            <OnLeave>
				AltVaultTooltip_Reset(self)
			</OnLeave>
			<OnClick>
				if ( IsModifiedClick() ) then
					AltVaultBagSlotButton_OnModifiedClick(self, button);
				end
			</OnClick>
        </Scripts>
    </ItemButton>
	<Button name="AltListButtonTemplate" virtual="true">
		<Size x="260" y="80"/>
		<Layers>
			<Layer level="BACKGROUND" textureSubLevel="1">
				<Texture file="Interface\Common\bluemenu-main" parentKey="bg">
					<Size x="260" y="80"/>
					<TexCoords left="0.00390625" right="0.87890625" top="0.75195313" bottom="0.83007813"/>
					<Anchors>
						<Anchor point="CENTER"/>
					</Anchors>
				</Texture>
			</Layer>
			<Layer level="BACKGROUND" textureSubLevel="2">
				<Texture parentKey="classIcon">
					<Size x="55" y="55"/>
					<Anchors>
						<Anchor point="LEFT" x="15"/>
					</Anchors>
				</Texture>
			</Layer>
			<Layer level="BORDER" textureSubLevel="1">
				<Texture file="Interface\UNITPOWERBARALT\Horde_Circular_Frame" parentKey="classFrame" desaturated="true">
					<Size x="100" y="100"/>
					<Anchors>
						<Anchor point="LEFT" x="-10"/>
					</Anchors>
				</Texture>
				<Texture name="$parentSelection" file="Interface\TalentFrame\spec-lock" parentKey="selectedAlt" hidden="true">
					<Size x="300" y="128"/>
					<Anchors>
						<Anchor point="CENTER" x="0" y="0" />
					</Anchors>
				</Texture>
			</Layer>
			<Layer level="BORDER" textureSubLevel="2">
				<Texture  parentKey="ListFactionIcon">
					<Size x="60" y="60"/>
					<Anchors>
						<Anchor point="LEFT" x="-15" y="-2"/>
					</Anchors>
				</Texture>
			</Layer>
			<Layer level="ARTWORK" textureSubLevel="1">
				<FontString inherits="GameFontNormalLarge" parentKey="altName">
					<Anchors>
						<Anchor point="TOPLEFT" x="75" y="-15" />
					</Anchors>
				</FontString>
				<FontString inherits="GameFontNormalMed3" parentKey="altLevel">
					<Anchors>
						<Anchor point="TOPLEFT" x="75" y="-32" />
					</Anchors>
				</FontString>
				<FontString inherits="GameFontWhiteTiny" parentKey="altServer">
					<Anchors>
						<Anchor point="TOPRIGHT" x="-20" y="-32" />
					</Anchors>
				</FontString>
				<Texture atlas="Mailbox" name="$parentHasMailIcon" parentKey="altHasMailIcon" hidden="true">
					<Size x="20" y="20" />
					<Anchors>
						<Anchor point="TOPLEFT" x="10" y="-7" />
					</Anchors>
				</Texture>
				<Texture parentKey="altRestedIcon" name="$parentRestedIcon" file="Interface\CharacterFrame\UI-StateIcon" hidden="true">
					<Size x="25" y="25"/>
					<Anchors>
						<Anchor point="TOPLEFT" y="-8" x="53"/>
					</Anchors>
					<TexCoords left="0" right="0.5" top="0" bottom="0.421875"/>
				</Texture>
				<Texture parentKey="altTokenIcon" name="$parentTokenIcon" file="Interface\Store\Store-Main" hidden="true">
					<Size x="21" y="20"/>
					<Anchors>
						<Anchor point="BOTTOMLEFT" x="70" y="14" />
					</Anchors>								
					<TexCoords left="0.97460938" right="0.99511719" top="0.27148438" bottom="0.29101563"/>
				</Texture>
			</Layer>
		</Layers>
		<HighlightTexture file="Interface\Common\bluemenu-main" alphaMode="ADD" alpha="0.8">
			<Size x="260" y="80"/>
			<TexCoords left="0.00390625" right="0.87890625" top="0.75195313" bottom="0.83007813"/>
			<Anchors>
				<Anchor point="CENTER"/>
			</Anchors>
		</HighlightTexture>
		<Frames>
			<Frame name="$parentAltMoneyFrame" parentKey="AltMoneyFrame" inherits="SmallMoneyFrameTemplate" hidden="false">
				<Anchors>
					<Anchor point="BOTTOMRIGHT" relativeTo="$parent" relativePoint="BOTTOMRIGHT" x="-12" y="18"/>
				</Anchors>
				<Scripts>
					<OnLoad>
						SmallMoneyFrame_OnLoad(self);
						MoneyFrame_SetType(self, "STATIC");
						MoneyFrame_SetMaxDisplayWidth(self, 175);
					</OnLoad>
				</Scripts>
			</Frame>
		</Frames>
		<Scripts>
			<OnClick function="AltListItem_OnClick" />
		</Scripts>
	</Button>
	<Button name="AltTabButtonTemplate" inherits="TabButtonTemplate" virtual="true">
		<Anchors>
			<Anchor point="BOTTOM" relativePoint="TOPLEFT">
				<Offset>
					<AbsDimension x="50"/>
				</Offset>
			</Anchor>
		</Anchors>
		<Scripts>
			<OnClick>
				AltVaultTab_OnClick(self)
			</OnClick>
		</Scripts>
	</Button>
	<Frame name="AltGuildTabardTemplate" hidden="true" virtual="true">
		<Size x="72" y="128"/>
		<Layers>
			<Layer level="BACKGROUND">
				<Texture name="$parentBackground" file="Interface\AchievementFrame\GuildTabard" parentKey="background">
					<Size x="72" y="128"/>
					<Anchors>
						<Anchor point="TOP" x="0" y="0"/>
					</Anchors>
					<TexCoords left="0.00781250" right="0.57031250" top="0.48437500" bottom="0.98437500"/>
				</Texture>
			</Layer>
			<Layer level="BORDER">
				<Texture name="$parentBorder" file="Interface\AchievementFrame\GuildTabard" parentKey="border">
					<Size x="56" y="121"/>
					<Anchors>
						<Anchor point="TOP" x="0" y="0"/>
					</Anchors>
					<TexCoords left="0.00781250" right="0.44531250" top="0.00390625" bottom="0.47656250"/>
				</Texture>
			</Layer>
			<Layer level="ARTWORK">
				<Texture name="$parentAltGuildEmblemLeft" parentKey="emblemLeft" hidden="true">
					<Size x="26" y="60"/>
					<Anchors>
						<Anchor point="BOTTOM" x="-13" y="14"/>
					</Anchors>
					<TexCoords left="0.7" right="0" top="0.15" bottom="0.85"/>
				</Texture>
				<Texture name="$parentAltGuildEmblemRight" parentKey="emblemRight" hidden="true">
					<Size x="26" y="60"/>
					<Anchors>
						<Anchor point="LEFT" relativeTo="$parentAltGuildEmblemLeft" relativePoint="RIGHT" x="-1"/>
					</Anchors>
					<TexCoords left="0" right="0.7" top="0.15" bottom="0.85"/>
				</Texture>
				<Texture name="$parentAltGuildEmblemFull" file="Interface\GuildFrame\GuildLogo-NoLogo" parentKey="emblemFull" hidden="true">
					<Size x="60" y="60"/>
					<Anchors>
						<Anchor point="BOTTOM" x="-1" y="14"/>
					</Anchors>
					<Color r="0.7" g="0.4" b="0.2" a="0.5" />
				</Texture>
			</Layer>
			<Layer level="OVERLAY">
				<Texture name="$parentBar" file="Interface\MailFrame\MailPopup-Divider">
					<Size x="76" y="20"/>
					<Anchors>
						<Anchor point="TOP" x="8" y="3"/>
					</Anchors>
				</Texture>
			</Layer>
		</Layers>
	</Frame>
	<Frame name="AltJournalPageTemplate" hidden="true" virtual="true">
		<Anchors>
			<Anchor point="TOPLEFT" />
			<Anchor point="BOTTOMRIGHT" />
		</Anchors>
	</Frame>
	<Frame name="AltBagTitleTemplate" virtual="true">
        <Size x="380" y="46" />
        <Layers>
            <Layer level="BACKGROUND">
                <Texture name="$parentBagIcon" parentKey="AltBagIcon" file="Interface\Buttons\Button-Backpack-Up">
                    <Size x="40" y="40" />
                    <Anchors>
                        <Anchor point="LEFT" x="48"/>
                    </Anchors>
                </Texture>
            </Layer>
            <Layer level="BORDER" textureSubLevel="3">
                <Texture name="$parentBagIconFrame" atlas="collections-itemborder-collected" hidden="false">
                    <Size x="46" y="46" />
                    <Anchors>
                        <Anchor point="LEFT" x="45"/>
                    </Anchors>
                </Texture>
            </Layer>
            <Layer level="BORDER" textureSubLevel="1">
                <Texture atlas="collections-background-corner">
                    <Size x="35" y="35" />
                    <Anchors>
                        <Anchor point="LEFT" relativeTo="$parentBagIconFrame" relativePoint="RIGHT" y="1" x="-3" />
                    </Anchors>
                    <TexCoords left="0.0" right="1.0" top="1.0" bottom="0.0"/>
                </Texture>
                <Texture atlas="collections-background-corner">
                    <Size x="35" y="35" />
                    <Anchors>
                        <Anchor point="RIGHT" relativeTo="$parentBagIconFrame" relativePoint="LEFT" y="1" x="3" />
                    </Anchors>
                    <TexCoords left="1.0" right="0.0" top="1.0" bottom="0.0"/>
                </Texture>
            </Layer>
            <Layer level="ARTWORK">
                <FontString inherits="GameFontHighlightMedium" name="$parentBagTitle" parentKey="AltBagTitle" text="Backpack">
					<Anchors>
						<Anchor point="TOPLEFT" relativeTo="$parentBagIconFrame" relativePoint="TOPRIGHT" x="10" y="-10" />
					</Anchors>
				</FontString>
                <FontString inherits="GameFontNormal" name="$parentBagCapacity" parentKey="AltBagCapacity" text="20/20">
					<Anchors>
						<Anchor point="RIGHT" relativeTo="$parent" relativePoint="RIGHT" x="-8" y="-8" />
					</Anchors>
				</FontString>
            </Layer>
        </Layers>
    </Frame>
    <Frame name="AltBagContainerTemplate" virtual="true">
        <Size x="380" y="200" />
        <Anchors>
            <Anchor point="TOPLEFT" />
        </Anchors>
        <Layers>
            <Layer level="BACKGROUND">
                <Texture file="Interface\BankFrame\Bank-Background" setAllPoints="true" horizTile="true" vertTile="true">
                    <Anchors>
                        <Anchor point="TOPLEFT" x="7" y="-48" />
                        <Anchor point="BOTTOMRIGHT" x="-7" y="2"/>
                    </Anchors>
                    <Color r="0.4" g="0.4" b="0.4" a="1" />
                </Texture>
            </Layer>
            <Layer level="BORDER" textureSubLevel="1">
                <Texture name="BagFrameLeft" atlas="!UI-Frame-Mechagon-TileLeft">
                    <Anchors>
                        <Anchor point="TOPLEFT" x="5" y="-52" />
                        <Anchor point="BOTTOMLEFT" x="5" y="5" />
                    </Anchors>
                    <Size x="9" />
                </Texture>
                <Texture name="BagFrameTop" atlas="_UI-Frame-Mechagon-TileTop" horizTile="true">
                    <Anchors>
                        <Anchor point="TOPLEFT" x="10" y="-46" />
                        <Anchor point="TOPRIGHT" x="-5" y="-46" />
                    </Anchors>
                    <Size y="9" />
                </Texture>
                <Texture name="BagFrameRight" atlas="!UI-Frame-Mechagon-TileRight">
                    <Anchors>
                        <Anchor point="TOPRIGHT" x="-2" y="-52" />
                        <Anchor point="BOTTOMRIGHT" x="-2" y="5" />
                    </Anchors>
                    <Size x="9" />
                </Texture>
                <Texture name="BagFrameBottom" atlas="_UI-Frame-Mechagon-TileBottom" horizTile="true">
                    <Anchors>
                        <Anchor point="BOTTOMLEFT" x="10" />
                        <Anchor point="BOTTOMRIGHT" x="-5"/>
                    </Anchors>
                    <Size y="9" />
                </Texture>
            </Layer>
            <Layer level="BORDER" textureSubLevel="2">
                <Texture name="BagFrameTopLeft" atlas="UI-Frame-Mechagon-Corner">
                    <Anchors>
                        <Anchor point="TOPLEFT" x="5" y="-46" />
                    </Anchors>
                    <Size x="50" y="50" />
                </Texture>
                <Texture name="BagFrameBottomLeft" atlas="UI-Frame-Mechagon-Corner">
                    <Anchors>
                        <Anchor point="BOTTOMLEFT" x="5" />
                    </Anchors>
                    <TexCoords top="1" bottom="0" /> 
                    <Size x="50" y="50" />
                </Texture>
                <Texture name="BagFrameTopRight" atlas="UI-Frame-Mechagon-Corner">
                    <Anchors>
                        <Anchor point="TOPRIGHT" x="-2" y="-46" />
                    </Anchors>
                    <TexCoords left="1" right="0" /> 
                    <Size x="50" y="50" />
                </Texture>
                <Texture name="BagFrameBottomRight" atlas="UI-Frame-Mechagon-Corner">
                    <Anchors>
                        <Anchor point="BOTTOMRIGHT" x="-2" />
                    </Anchors>
                    <TexCoords left="1" right="0" top="1" bottom="0" /> 
                    <Size x="50" y="50" />
                </Texture>
            </Layer>
        </Layers>
        <Frames>
            <Frame name="$parentBagTitle" parentKey="BagTitle" inherits="AltBagTitleTemplate">
                <Anchors>
                    <Anchor point="TOPLEFT" y="-8" />
                </Anchors>
            </Frame>
			<Frame name="$parentBagLocked" parentKey="BagLocked" hidden="true">
				<Size x="30" y="30" />
				<Anchors>
					<Anchor point="LEFT" x="20" y="-22"/>
				</Anchors>
				<Layers>
					<Layer level="ARTWORK">
						<Texture useAtlasSize="true" atlas="QuestSharing-Padlock"/>
						<FontString inherits="GameFontNormalMed3" text="Container not purchased">
							<Anchors>
								<Anchor point="LEFT" x="40" />
							</Anchors>
						</FontString>
					</Layer>
				</Layers>
			</Frame>
        </Frames>
    </Frame>
	<Frame name="AltProfessionPrimary" virtual="true">
		<Anchors>
			<Anchor point="TOPLEFT" relativeTo="$parent" relativePoint="TOPLEFT" x="10" y="-10"/>
			<Anchor point="BOTTOMRIGHT" relativeTo="$parent" relativePoint="RIGHT" x="-10" />
		</Anchors>
		<Layers>
			<Layer level="BACKGROUND">
				<Texture name="$parentIcon" parentKey="Icon" file="Interface\ICONS\INV_Scroll_03" desaturated="true">
					<Size x="74" y="74" />
					<Anchors>
						<Anchor point="LEFT" x="8" y="1" />
					</Anchors>
					<Color r="0.6" g="0.4" b="0.2" a="0.5" />
				</Texture>
			</Layer>
			<Layer level="BORDER">
				<Texture name="$parentIconRing" atlas="auctionhouse-itemicon-border-artifact">
					<Size x="110" y="110" />
					<Anchors>
						<Anchor point="LEFT" x="-10" />
					</Anchors>
				</Texture>
			</Layer>
			<Layer level="ARTWORK">
				<FontString name="$parentUnlearned" parentKey="Unlearned" inherits="QuestTitleFontBlackShadow" text="No Profession Learned" hidden="true">
					<Anchors>
						<Anchor point="LEFT" relativeTo="$parentIconRing" relativePoint="RIGHT" x="5" />
					</Anchors>
				</FontString>
				<FontString name="$parentProfTitle" parentKey="ProfTitle" inherits="QuestTitleFontBlackShadow" text="Engineering">
					<Anchors>
						<Anchor point="TOPLEFT" relativeTo="$parentIconRing" relativePoint="TOPRIGHT" y="-30" />
					</Anchors>
				</FontString>
				<FontString name="$parentProfSpecialization" parentKey="ProfSpecialization" inherits="GameFontNormalSmall" text="Gnomish Engineering">
					<Anchors>
						<Anchor point="BOTTOMLEFT" relativeTo="$parentProfTitle" relativePoint="BOTTOMRIGHT" x="5" />
					</Anchors>
				</FontString>
				<FontString name="$parentProfRank" parentKey="ProfRank" inherits="GameFontHighlight" text="Journeyman">
					<Anchors>
						<Anchor point="TOPLEFT" relativeTo="$parentProfTitle" relativePoint="BOTTOMLEFT" y="-5" />
					</Anchors>
				</FontString>
			</Layer>
		</Layers>
		<Frames>
			<StatusBar name="$parentStatusBar" inherits="ProfessionStatusBarTemplate" parentKey="statusBar">
				<Size>
					<AbsDimension x="180" y="16"/>
				</Size>
				<Anchors>
					<Anchor point="BOTTOMLEFT" x="110" y="22" /> 
				</Anchors>
			</StatusBar>
		</Frames>
	</Frame>
	<Frame name="AltProfessionSecondary" virtual="true">
		<Size x="280" y="60" />
		<Layers>
			<Layer level="BACKGROUND">
				<Texture name="$parentSecondaryIcon" parentKey="Icon" desaturated="true">
					<Size x="42" y="42" />
					<Anchors>
						<Anchor point="TOPLEFT" x="11" y="-10"/>
					</Anchors>
				</Texture>
			</Layer>
			<Layer level="BORDER">
				<Texture file="Interface\ENCOUNTERJOURNAL\loottab-item-background" setAllPoints="true">
					<TexCoords right="0.78" bottom="0.7" />
				</Texture>
			</Layer>
			<Layer level="ARTWORK">
				<FontString name="$parentSecondaryTitle" parentKey="ProfTitle" inherits="QuestFont_Shadow_Small">
					<Anchors>
						<Anchor point="TOPLEFT" x="64" y="-15" />
					</Anchors>
					<Shadow>
						<Offset>
							<AbsDimension x="1" y="-1"/>
						</Offset>
						<Color r="0" g="0" b="0"/>
					</Shadow>
					<Color r="1" g=".82" b="0"/>
				</FontString>
				<FontString name="$parentSecondaryRank" parentKey="ProfRank" inherits="GameFontWhiteTiny">
					<Anchors>
						<Anchor point="TOPRIGHT" x="-40" y="-19" />
					</Anchors>
				</FontString>
				<FontString name="$parentSecondaryUnlearned" parentKey="Unlearned" inherits="GameFontWhiteTiny" text="Not Learned">
					<Anchors>
						<Anchor point="BOTTOMLEFT" x="65" y="16" /> 
					</Anchors>
				</FontString>
			</Layer>
		</Layers>
		<Frames>
			<StatusBar name="$parentStatusBar" inherits="ProfessionStatusBarTemplate" parentKey="statusBar">
				<Size>
					<AbsDimension x="150" y="16"/>
				</Size>
				<Anchors>
					<Anchor point="BOTTOMLEFT" x="74" y="10" /> 
				</Anchors>
			</StatusBar>
		</Frames>
	</Frame>
</Ui>