<Ui xmlns="http://www.blizzard.com/wow/ui/" xmlns:xsi="http://www.w3.org/2001/XMLSchema-instance" xsi:schemaLocation="http://www.blizzard.com/wow/ui/
..\FrameXML\UI.xsd">
	<Include file = "AltVaultTemplates.xml" />
	<Include file = "AltVaultCharacter.xml" />
	<Include file = "AltVaultProfessions.xml" />
	<Include file = "AltVaultBags.xml" />
	<Include file = "AltVaultBank.xml" />
	<Script file="AltVault.lua"/>
	<Frame name="CharacterJournal" parent="CollectionsJournal" setAllPoints="true" hidden="true" activeAlt="1">
		<Frames>
			<DropDownToggleButton name="AltVaultListFilterButton" parentKey="ListFilterButton" inherits="UIMenuButtonStretchTemplate" frameLevel="6">
				<Size x="200" y="22"/>
				<Anchors>
					<Anchor point="TOPLEFT" x="65" y="-35"/>
				</Anchors>
				<Layers>
					<Layer level="ARTWORK">
						<Texture parentKey="Icon" atlas="friendslist-categorybutton-arrow-down" useAtlasSize="true">
							<Anchors>
								<Anchor point="RIGHT" relativeKey="$parent.Right" relativePoint="RIGHT" x="-5" y="-2"/>
							</Anchors>
						</Texture>
					</Layer>
				</Layers>
				<Scripts>
					<OnLoad inherit="prepend">
						self.Text:ClearAllPoints();
						self.Text:SetPoint("LEFT", 11, -1);
						self.Text:SetSize(200, 10);
						self.Text:SetJustifyH("LEFT");
					</OnLoad>
					<OnMouseDown>
						UIMenuButtonStretchMixin.OnMouseDown(self, button);
						PlaySound(SOUNDKIT.IG_MAINMENU_OPTION_CHECKBOX_ON);
						ToggleDropDownMenu(1, nil, self:GetParent().ListFilterDropDown, self:GetName(), 0, 1);
					</OnMouseDown>
				</Scripts>
			</DropDownToggleButton>
			<Frame name="AltVaultListFilterDropDown" parentKey="ListFilterDropDown" inherits="UIDropDownMenuTemplate">
				<Scripts>
					<OnLoad function="AltVaultListFilterDropDown_OnLoad"/>
				</Scripts>
			</Frame>
			<Frame name="AltVaultTokenIndicator" parentKey="TokenIndicator">
				<Size x="27" y="27" />
				<Anchors>
					<Anchor point="TOPRIGHT" x="-10" y="-30" />
				</Anchors>
				<Layers>
					<Layer level="BACKGROUND">
						<Texture file="Interface\Store\category-icon-wow" parentKey="Icon" setAllPoints="true" desaturated="true">
							<TexCoords top="0.25" left="0.25" bottom="0.75" right="0.75" />
						</Texture>
					</Layer>
				</Layers>
				<Scripts>
					<OnEnter function="TokenIcon_OnEnter" />
					<OnLeave function="AltVaultTooltip_Reset" />
				</Scripts>
			</Frame>
			<Frame name="TokenPriceHelpBox" parentKey="TokenPriceHelpBox" inherits="GlowBoxTemplate" enableMouse="true" frameStrata="DIALOG" hidden="true">
				<Size x="220" y="100"/>
				<Anchors>
					<Anchor point="LEFT" relativeTo="AltVaultTokenIndicator" relativePoint="RIGHT" x="22" />
				</Anchors>
				<Layers>
					<Layer level="ARTWORK">
						<Texture parentKey="Arrow" inherits="HelpPlateArrowDOWN">
							<Size x="53" y="21"/>
							<Anchors>
								<Anchor point="RIGHT" relativePoint="LEFT"/>
							</Anchors>
						</Texture>
					</Layer>
					<Layer level="BORDER">
						<Texture parentKey="ArrowGlow" inherits="HelpPlateArrow-GlowDOWN" alphaMode="ADD" alpha="0.5">
							<Size x="53" y="21"/>
							<Anchors>
								<Anchor point="RIGHT" relativePoint="LEFT" />
							</Anchors>
						</Texture>
					</Layer>
					<Layer level="OVERLAY">
						<FontString parentKey="Text" inherits="GameFontHighlightLeft" justifyV="TOP" text="Visit the Auction House for a WoW Token price.">
							<Size x="188" y="0"/>
							<Anchors>
								<Anchor point="TOPLEFT" x="16" y="-20"/>
							</Anchors>
						</FontString>
					</Layer>
				</Layers>
				<Frames>
					<Button parentKey="CloseButton" inherits="UIPanelCloseButton">
						<Anchors>
							<Anchor point="TOPRIGHT" x="6" y="6"/>
						</Anchors>
						<!-- <Scripts>
							<OnClick>
								SetBankWarned(self);
							</OnClick>
						</Scripts> -->
					</Button>
				</Frames>
				<Scripts>
					<OnLoad>
						self.Text:SetSpacing(4);
						SetClampedTextureRotation(self.Arrow, 90);
						SetClampedTextureRotation(self.ArrowGlow, 90);
					</OnLoad>
					<OnShow>
						self:SetHeight(self.Text:GetHeight() + 42);
						self:SetFrameLevel(self:GetParent():GetFrameLevel()+10);
					</OnShow>
				</Scripts>
			</Frame>
			<Frame name="CharacterCount" parentKey="CharacterCount" useParentLevel="true" inherits="InsetFrameTemplate3">
				<Size x="150" y="20"/>
				<Anchors>
					<Anchor point="BOTTOMLEFT" x="5" y="5"/>
				</Anchors>
				<Layers>
					<Layer level="ARTWORK">
						<FontString parentKey="Count" inherits="GameFontHighlightSmall" justifyH="RIGHT">
							<Anchors>
								<Anchor point="RIGHT" x="-10" y="0"/>
							</Anchors>
						</FontString>
						<FontString parentKey="Label" inherits="GameFontNormalSmall" text="Total Characters" justifyH="LEFT">
							<Anchors>
								<Anchor point="LEFT" x="10" y="0"/>
								<Anchor point="RIGHT" relativeKey="$parent.Count" relativePoint="LEFT" x="-3" y="0"/>
							</Anchors>
						</FontString>
					</Layer>
				</Layers>
			</Frame>   
			<Frame parentKey="TotalPlayed" useParentLevel="true" inherits="InsetFrameTemplate3">
				<Size x="330" y="20"/>
				<Anchors>
					<Anchor point="LEFT" relativeTo="CharacterCount" relativePoint="RIGHT" x="20"/>
				</Anchors>
				<Layers>
					<Layer level="ARTWORK">
						<FontString parentKey="Time" inherits="GameFontHighlightSmall" justifyH="RIGHT">
							<Anchors>
								<Anchor point="RIGHT" x="-10"/>
							</Anchors>
						</FontString>
						<FontString parentKey="Label" inherits="GameFontNormalSmall" text="Total Played" justifyH="LEFT">
							<Anchors>
								<Anchor point="LEFT" x="10"/>
								<Anchor point="RIGHT" relativeKey="$parent.Time" relativePoint="LEFT" x="-3"/>
							</Anchors>
						</FontString>
					</Layer>
				</Layers>
			</Frame>
            <Frame parentKey="AllCharacterMoney" useParentLevel="true" inherits="InsetFrameTemplate3">
				<Size x="175" y="20"/>
				<Anchors>
                    <Anchor point="BOTTOMRIGHT" relativeTo="$parent" relativePoint="BOTTOMRIGHT" x="-6" y="5"/>
                </Anchors>
				<Layers>
					<Layer level="ARTWORK"></Layer>
				</Layers>
                <Frames>
                    <Frame name="AltVaultMoneyTotal" useParentLevel="true" inherits="SmallMoneyFrameTemplate" hidden="false">
                        <Anchors>
                            <Anchor point="BOTTOMRIGHT" relativeTo="$parent" relativePoint="BOTTOMRIGHT" x="0" y="8"/>
                        </Anchors>
                        <Scripts>
                            <OnLoad>
                                SmallMoneyFrame_OnLoad(self);
                                MoneyFrame_SetType(self, "PLAYER");
                                MoneyFrame_SetMaxDisplayWidth(self, 175);
                            </OnLoad>
                        </Scripts>
                    </Frame>
                </Frames>
			</Frame>
			<Frame name="$parentLeftInset" useParentLevel="true" inherits="InsetFrameTemplate" parentKey="LeftInset">
				<Size x="260" y="496"/>
				<Anchors>
					<Anchor point="TOPLEFT" x="4" y="-60" />
					<Anchor point="BOTTOMLEFT" x="4" y="26" />
				</Anchors>
			</Frame>
			<Frame name="$parentRightInset" useParentLevel="true" inherits="InsetFrameTemplate" parentKey="RightInset">
				<Anchors>
					<Anchor point="TOPRIGHT" x="-6" y="-60"/>
					<Anchor point="BOTTOMLEFT" relativeTo="$parentLeftInset" relativePoint="BOTTOMRIGHT" x="20" y="0"/>
				</Anchors>
                <Frames>
					<Frame name="AltInfoTabContainerFrame">
						<Anchors>
							<Anchor point="TOPLEFT" />
							<Anchor point="BOTTOMRIGHT" />
						</Anchors>
						<Frames>
							<Frame name="AltVaultPage1" inherits="AltInfoPageTemplate" parentKey="page1" />
							<Frame name="AltVaultPage2" inherits="AltBagsPageTemplate" parentKey="page2" />
							<Frame name="AltVaultPage3" inherits="AltBankPageTemplate" parentKey="page3" />
							<Frame name="AltVaultPage4" inherits="AltProfessionsPageTemplate" parentKey="page4" />

							<Button name="$parentTab1" inherits="AltTabButtonTemplate" id="1" text="Character" />
							<Button name="$parentTab2" inherits="AltTabButtonTemplate" id="2" text="Bags">
								<Anchors>
									<Anchor point="BOTTOMLEFT" relativeTo="$parentTab1" relativePoint="BOTTOMRIGHT" x="0" />
								</Anchors>
							</Button>
							<Button name="$parentTab3" inherits="AltTabButtonTemplate" id="3" text="Bank">
								<Anchors>
									<Anchor point="BOTTOMLEFT" relativeTo="$parentTab2" relativePoint="BOTTOMRIGHT" x="0" />
								</Anchors>
							</Button>
							<Button name="$parentTab4" inherits="AltTabButtonTemplate" id="4" text="Professions">
								<Anchors>
									<Anchor point="BOTTOMLEFT" relativeTo="$parentTab3" relativePoint="BOTTOMRIGHT" x="0" />
								</Anchors>
							</Button>
							<Frame name="$parentBankTabHelpBox" parentKey="BankTabHelpBox" inherits="GlowBoxTemplate" enableMouse="true" frameStrata="DIALOG" hidden="true">
								<Size x="220" y="100"/>
								<Anchors>
									<Anchor point="TOP" relativeTo="$parentTab3" relativePoint="BOTTOM" x="5" y="-25" />
								</Anchors>
								<Layers>
									<Layer level="ARTWORK">
										<Texture parentKey="Arrow" inherits="HelpPlateArrowDOWN">
											<Size x="53" y="21"/>
											<Anchors>
												<Anchor point="BOTTOM" relativePoint="TOP" x="-6" y="0"/>
											</Anchors>
										</Texture>
									</Layer>
									<Layer level="BORDER">
										<Texture parentKey="ArrowGlow" inherits="HelpPlateArrow-GlowDOWN" alphaMode="ADD" alpha="0.5">
											<Size x="53" y="21"/>
											<Anchors>
												<Anchor point="BOTTOM" relativePoint="TOP" x="-5" y="0"/>
											</Anchors>
										</Texture>
									</Layer>
									<Layer level="OVERLAY">
										<FontString parentKey="Text" inherits="GameFontHighlightLeft" justifyV="TOP" text="Visit the bank on this character to populate this tab.">
											<Size x="188" y="0"/>
											<Anchors>
												<Anchor point="TOPLEFT" x="16" y="-20"/>
											</Anchors>
										</FontString>
									</Layer>
								</Layers>
								<Frames>
									<Button parentKey="CloseButton" inherits="UIPanelCloseButton">
										<Anchors>
											<Anchor point="TOPRIGHT" x="6" y="6"/>
										</Anchors>
										<Scripts>
											<OnClick>
												SetBankWarned(self);
											</OnClick>
										</Scripts>
									</Button>
								</Frames>
								<Scripts>
									<OnLoad>
										self.Text:SetSpacing(4);
										SetClampedTextureRotation(self.Arrow, 180);
										SetClampedTextureRotation(self.ArrowGlow, 180);
									</OnLoad>
									<OnShow>
										self:SetHeight(self.Text:GetHeight() + 42);
										self:SetFrameLevel(self:GetParent():GetFrameLevel()+10);
									</OnShow>
								</Scripts>
							</Frame>
						</Frames>
						<Scripts>
							<OnLoad>
								PanelTemplates_SetNumTabs(AltInfoTabContainerFrame, 4);
								PanelTemplates_SetTab(AltInfoTabContainerFrame, 1);
							</OnLoad>
							<OnShow>
								PanelTemplates_SetTab(AltInfoTabContainerFrame, 1);
								AltVaultPage1:Show();
								AltVaultPage2:Hide();
								AltVaultPage3:Hide();
								AltVaultPage4:Hide();
							</OnShow>
						</Scripts>
					</Frame>
                </Frames>
			</Frame>
			<ScrollFrame name="$parentAltListScrollFrame" parentKey="AltListScrollFrame" inherits="HybridScrollFrameTemplate">
				<Anchors>
					<Anchor point="TOPLEFT" relativeTo="$parentLeftInset" x="3" y="-10"/>
					<Anchor point="BOTTOMRIGHT" relativeTo="$parentLeftInset" x="-2" y="5"/>
				</Anchors>
				<Frames>
					<Slider name="$parentScrollBar" inherits="HybridScrollBarTrimTemplate" parentKey="scrollBar">
						<Anchors>
							<Anchor point="TOPLEFT" relativePoint="TOPRIGHT" x="4" y="-8"/>
							<Anchor point="BOTTOMLEFT" relativePoint="BOTTOMRIGHT" x="4" y="11"/>
						</Anchors>
						<Scripts>
							<OnLoad>
								self.trackBG:Show();
								self.trackBG:SetVertexColor(0, 0, 0, 0.75);
							</OnLoad>
						</Scripts>
					</Slider>
				</Frames>
			</ScrollFrame>
		</Frames>
		<Scripts>
			<OnShow function="AltVault_OnShow"/>
			<OnLoad function="AltVault_OnLoad"/>
		</Scripts>
	</Frame>
</Ui>
